{
    "loss": 1.2692393064498901,
    "accuracy": 0.4861111044883728
}