{
    "loss": 1.2599841356277466,
    "accuracy": 0.4583333432674408
}